figure,series,x,estimate,lower,upper
Figure 1,high,-11,0.0031914338288070786,-0.029000855722246355,0.03538950276758099
Figure 1,high,-10,0.007674486240396429,-0.023318860006450542,0.0386678324872434
Figure 1,high,-9,0.010095583615622244,-0.016455259149609706,0.036646389094481806
Figure 1,high,-8,0.007796133030319414,-0.015980305338103504,0.031572552755556135
Figure 1,high,-7,0.0021372735085917124,-0.01932232018180835,0.023591087811271297
Figure 1,high,-6,0.004210824606768596,-0.015117274962760236,0.023538961462669816
Figure 1,high,-5,0.0015696444185097009,-0.014891394118820483,0.018024903568119408
Figure 1,high,-4,0.004900100486773591,-0.007593388380447772,0.017399368741715434
Figure 1,high,-3,0.002884455124918669,-0.006261220867691172,0.012024333086621836
Figure 1,high,-2,0.002641180188258894,-0.002884436481732474,0.008166815501436457
Figure 1,high,-1,0.0,0.0,0.0
Figure 1,high,0,0.0013785144736376026,-0.0038401234924653562,0.006591373052020082
Figure 1,high,1,0.0121285857838248,0.00248480114245445,0.02177237042519515
Figure 1,high,2,0.029620629804116044,0.012945269198287064,0.046290173735852154
Figure 1,high,3,0.055771799943697575,0.033402847560259435,0.07813495429622905
Figure 1,high,4,0.07188531084716503,0.04126266571462129,0.10250795597970876
Figure 1,low,-11,0.0034578636027211593,-0.0258268159861593,0.03273676380388114
Figure 1,low,-10,0.0050622589202985145,-0.023087162488417922,0.033211698972201144
Figure 1,low,-9,0.003127730061578444,-0.022328422096650005,0.028578065545714026
Figure 1,low,-8,0.003284109107382888,-0.019472919839892317,0.026035340023751418
Figure 1,low,-7,-0.001986673850507747,-0.02157542380623018,0.017596296717494207
Figure 1,low,-6,-0.005195483128848653,-0.021975096431880593,0.011584130174183289
Figure 1,low,-5,-0.005699389808515834,-0.019779898543780726,0.008375339539028578
Figure 1,low,-4,-0.0029539382798677827,-0.014827671708405654,0.008919795148670088
Figure 1,low,-3,-0.005357660205559771,-0.013536071768809577,0.0028265307454105135
Figure 1,low,-2,0.00184767025423713,-0.0029539382798677827,0.006649297431528238
Figure 1,low,-1,0.0,0.0,0.0
Figure 1,low,0,3.475089906765426e-05,-0.005166511617501477,0.005241830089729655
Figure 1,low,1,0.0007355855545136086,-0.00879235032784043,0.010269338110960516
Figure 1,low,2,0.006017945931031397,-0.006840427376400337,0.018870558493928845
Figure 1,low,3,0.019554017699840973,-0.0002201014562192737,0.03932811821271503
Figure 1,low,4,0.023504210563602163,-0.0008282608330894183,0.04784244270482803
Figure 2,short,2.01,-0.009707528892092183,-0.02749499584324947,0.008079938059065105
Figure 2,short,2.02,-0.009649619826808007,-0.027269104104300543,0.007975680333396368
Figure 2,short,2.17,-0.00868814380572811,-0.02384019524239386,0.006469723513649484
Figure 2,short,2.34,-0.0074602075877645245,-0.020052164543096405,0.005137565250279198
Figure 2,short,2.35,-0.00737910635215705,-0.019843649091758928,0.005079620504732987
Figure 2,short,2.4,-0.006996828024705013,-0.0188068877177834,0.004813195988111337
Figure 2,short,2.44,-0.006684054847698802,-0.01801335869010622,0.004651029197158424
Figure 2,short,2.45,-0.006602989292353363,-0.0178222195263802,0.004616240941673476
Figure 2,short,2.5,-0.00620333467728987,-0.01688971587807341,0.004483046523493669
Figure 2,short,2.55,-0.005792083977064728,-0.016015085614788756,0.004425137458209493
Figure 2,short,2.64,-0.005050683812221917,-0.014607641998522837,0.004512018896266774
Figure 2,short,2.65,-0.0049638380544266714,-0.014462815814919344,0.004535175386328037
Figure 2,short,2.66,-0.004882736818819198,-0.014323805514027696,0.004564147759101143
Figure 2,short,2.67,-0.004795855380761917,-0.014184795213136045,0.0045931201318742485
Figure 2,short,2.68,-0.004714754145154442,-0.014045784912244395,0.004622056824385318
Figure 2,short,2.7,-0.004546807151751722,-0.013779360395622746,0.004691561974831143
Figure 2,short,2.85,-0.0032725222734035758,-0.012041731634477124,0.005496651407407936
Figure 2,short,2.88,-0.0030176938419435753,-0.011734738659920719,0.005699386656295604
Figure 2,short,2.95,-0.0024269000631540636,-0.011045503038174313,0.0061917029118661844
Figure 2,short,2.99,-0.002090970396086589,-0.01065744450827247,0.006481319598811134
Figure 2,short,3.0,-0.0020040889580293076,-0.010564747187503346,0.006550824749256959
Figure 2,short,3.01,-0.0019229877224218334,-0.01046630534454645,0.006620329899702783
Figure 2,short,3.02,-0.0018418864868143593,-0.01036782782132752,0.006689835050148608
Figure 2,short,3.04,-0.0016739394934116396,-0.0101766886576015,0.006828845351040258
Figure 2,short,3.1,-0.0011815875575790229,-0.009580114676362184,0.007222684083391908
Figure 2,short,3.15,-0.0007703368573538804,-0.009064606250468303,0.0075181166530487
Figure 2,short,3.2,-0.00037071792255242324,-0.008531721536962968,0.007784505489408314
Figure 2,short,3.24,-5.7944745546211294e-05,-0.00808575394177695,0.007969864450684526
Figure 2,short,3.25,1.7376287611456218e-05,-0.007975716013658405,0.008016213111069087
Figure 2,short,3.32,0.000556041203566599,-0.007182186985981225,0.00828845351040258
Figure 2,short,3.33,0.0006255463540124239,-0.0070663331751508384,0.008323206085625492
Figure 2,short,3.34,0.0007008317069080555,-0.006950515044582487,0.008357958660848406
Figure 2,short,3.35,0.0007761170598036872,-0.006840441436201907,0.008392711236071318
Figure 2,short,3.4,0.0011410190996442677,-0.0062844002326353085,0.00856647411218588
Figure 2,short,3.45,0.0015001409370350416,-0.005780487891903078,0.00878076976597316
Figure 2,short,3.49,0.0017839417412681478,-0.005427181937224147,0.008989285217310636
Figure 2,short,3.5,0.0018534468917139728,-0.005346116381878709,0.009053010165306654
Figure 2,short,3.51,0.0019229520421597977,-0.005270795348721041,0.009116699433040637
Figure 2,short,3.55,0.002206752846392904,-0.004998590629649584,0.009412096322435393
Figure 2,short,3.6,0.002560094481333871,-0.004737946315477741,0.009858099597883446
Figure 2,short,3.65,0.0029249965211744517,-0.00454099126903988,0.010390948631126747
Figure 2,short,3.66,0.0030002818740700833,-0.0045062386938169675,0.010501022239507328
Figure 2,short,3.67,0.003075567226965715,-0.004471486118594055,0.010616840370075677
Figure 2,short,3.68,0.0031450723774115396,-0.004442549426082985,0.010732694180906065
Figure 2,short,3.7,0.003295678763464839,-0.0043788244780869675,0.01097596220746645
Figure 2,short,3.72,0.003452065351967945,-0.004315099530090949,0.011219230234026838
Figure 2,short,3.75,0.0036837372933666824,-0.004216657687134054,0.011584132273867419
Figure 2,short,3.8,0.004089172110879983,-0.004013922438246387,0.012192302340268387
Figure 2,short,3.83,0.004338256020152212,-0.0038575358497432806,0.012534012209785669
Figure 2,short,3.9,0.0049579864914527936,-0.003336247221399594,0.013246440001855373
Figure 2,short,3.94,0.005334484616455023,-0.002913436116274838,0.013582405349184885
Figure 2,short,3.95,0.005427146256962111,-0.0027918021029946444,0.01365191049963071
Figure 2,short,4.0,0.005931058597694341,-0.0021025308009862023,0.01396468367663692
Figure 2,short,4.01,0.006035316323363079,-0.0019461442124830966,0.01401681253947129
Figure 2,short,4.04,0.006348089500369291,-0.001465424042074165,0.014161603042812746
Figure 2,short,4.05,0.006452347226038028,-0.0012974413684094096,0.014207951703197308
Figure 2,short,4.1,0.006991012141993171,-0.00045178347789786167,0.01443384344214624
Figure 2,short,4.15,0.007523896855498507,0.00036486635957854477,0.01468867187360624
Figure 2,short,4.16,0.007633934783617051,0.0005154727456318439,0.014752396821602258
Figure 2,short,4.17,0.0077381925092857885,0.0006660791316851431,0.01481608608933624
Figure 2,short,4.25,0.008578034517085494,0.001650711642826305,0.015505357391344681
Figure 2,short,4.3,0.009070350772656074,0.002032989970278342,0.016107747255295842
Figure 2,short,4.32,0.00926152561664413,0.002137247695947079,0.016385767857079143
Figure 2,short,4.33,0.009354187257151217,0.0021778161538818343,0.0165305583604206
Figure 2,short,4.34,0.009446848897658304,0.0022125687291047465,0.0166811647464739
Figure 2,short,4.36,0.009620611773772866,0.0022588817092272727,0.01698812204076827
Figure 2,short,4.4,0.009956541440840341,0.002287854082000378,0.01762526447994234
Figure 2,short,4.5,0.010692161403233345,0.0020793386306629034,0.019310764378253593
Figure 2,short,4.52,0.010825355821413153,0.002004053277767272,0.019640913842871262
Figure 2,short,4.6,0.011288735384472663,0.0016333710354768844,0.020944099733468443
Figure 2,short,4.65,0.011537783613482858,0.0013669108385931986,0.021708656388372514
Figure 2,short,4.67,0.011630480934251982,0.0012568729104746545,0.022004053277767274
Figure 2,short,4.68,0.0116710137119247,0.0011989281649284432,0.022148879461370764
Figure 2,short,4.83,0.01218652213781858,0.00031277317700621196,0.024066051301080756
Figure 2,short,4.98,0.012470322942051686,-0.0005676372887282484,0.02550828317283162
Figure 2,short,5.0,0.01249347943211295,-0.0006777108971088284,0.025670449963784533
Figure 2,short,5.65,0.011902685653323438,-0.0037243057513014375,0.027523896855498508
Figure 2,long,2.01,0.007969864450684526,-0.028537573099936847,0.04448308220375571
Figure 2,long,2.02,0.008300013915302194,-0.027836705712766755,0.04443098902118337
Figure 2,long,2.17,0.013165374446509935,-0.01742838079402855,0.04376487420923619
Figure 2,long,2.34,0.018470886690191854,-0.006492915683972783,0.04343472474461853
Figure 2,long,2.35,0.018766319259848643,-0.005902157585445308,0.04344050494706833
Figure 2,long,2.4,0.02023748782411058,-0.003046666214716681,0.043515825980226
Figure 2,long,2.44,0.02137272672130504,-0.0009035669557957233,0.043643240195956
Figure 2,long,2.45,0.021650747323088342,-0.0003880942101638794,0.04368380865389075
Figure 2,long,2.5,0.023000281874070085,0.0020445860554399913,0.04395601337296221
Figure 2,long,2.55,0.024286127157317844,0.004233998294483475,0.04433829170041425
Figure 2,long,2.64,0.0264060342459155,0.007541273143109963,0.04527661123143288
Figure 2,long,2.65,0.026626145782414627,0.007854046320116175,0.04539824524471308
Figure 2,long,2.66,0.026840441436201908,0.008161003614410545,0.04551987925799327
Figure 2,long,2.67,0.027054772770251225,0.0084564005038053,0.045647329153985304
Figure 2,long,2.68,0.0272632882215887,0.008740236988300442,0.04578052357216512
Figure 2,long,2.7,0.027662907156390158,0.00927886622399355,0.04604694808878677
Figure 2,long,2.85,0.030170872774889657,0.012192302340268387,0.048149478889772966
Figure 2,long,2.88,0.030553151102341695,0.012568800465270617,0.048531757217225004
Figure 2,long,2.95,0.03125979869196159,0.013217503309344304,0.04930209407457888
Figure 2,long,2.99,0.03154941537890654,0.01347236742106634,0.04962068313429694
Figure 2,long,3.0,0.03160732444419072,0.013524460603638672,0.04969018828474276
Figure 2,long,3.01,0.03165945330702509,0.013576589466473043,0.049748097350026936
Figure 2,long,3.02,0.031705766287147615,0.013617157924407796,0.04980022621286131
Figure 2,long,3.04,0.031786867522755086,0.013692443277303429,0.04987551156575694
Figure 2,long,3.1,0.03187374896081237,0.013814077290583622,0.04992764042859131
Figure 2,long,3.2,0.03151466280368363,0.01372719585252634,0.04930209407457888
Figure 2,long,3.24,0.031184513339065963,0.013588185551634692,0.0487808054462352
Figure 2,long,3.32,0.03018246886005131,0.013066896923291004,0.047292260594361805
Figure 2,long,3.33,0.030020302069098396,0.012980015485233724,0.04706636885541288
Figure 2,long,3.34,0.029858099597883447,0.01288157364227683,0.04683469691401414
Figure 2,long,3.35,0.029684336721768886,0.012771500033896249,0.04659142888745375
Figure 2,long,3.4,0.02871130029578937,0.012128577392272369,0.04529398751904434
Figure 2,long,3.49,0.026701431135310257,0.010472049866734221,0.04292503220143649
Figure 2,long,3.5,0.02646975919391152,0.010251938330235097,0.042687580057587944
Figure 2,long,3.51,0.026238051572250745,0.010026082271548203,0.04245587243592717
Figure 2,long,3.6,0.024309319327641143,0.00781347786218142,0.04079934491038902
Figure 2,long,3.65,0.023434724744618524,0.006573981239318222,0.04028965236720698
Figure 2,long,3.66,0.023284118358565226,0.006342309297919484,0.04022014721676116
Figure 2,long,3.67,0.023145108057673575,0.006116417558970553,0.04016801835392679
Figure 2,long,3.68,0.023011877959231732,0.005896306022471429,0.04012744989599203
Figure 2,long,3.7,0.0227859862202828,0.005490871204958129,0.04008691711831932
Figure 2,long,3.72,0.02261222334416824,0.005125969165117548,0.040098513203480964
Figure 2,long,3.8,0.022479028925988433,0.00433244013744037,0.04062558203427446
Figure 2,long,3.83,0.022704920664937362,0.004384604680536774,0.04101945644688815
Figure 2,long,3.9,0.02393860140508872,0.005485055322246287,0.04239214748793115
Figure 2,long,3.95,0.02550828317283162,0.007240060371003365,0.04378225049684765
Figure 2,long,4.0,0.02770925581677472,0.00985231939543364,0.04556041203566599
Figure 2,long,4.01,0.02821316815750695,0.010460453781572572,0.045965882533441325
Figure 2,long,4.04,0.02985231939543364,0.012423974281667124,0.047280664509200154
Figure 2,long,4.05,0.030437332971773343,0.013119025786125373,0.047749824274709474
Figure 2,long,4.1,0.033582405349184885,0.01677960658943079,0.05038523978920101
Figure 2,long,4.15,0.03701713009380341,0.02055026100111679,0.05348977938893983
Figure 2,long,4.16,0.03772952220561108,0.021291625485697567,0.054167454605786626
Figure 2,long,4.17,0.03844776588039263,0.022033025650540376,0.05486828631269468
Figure 2,long,4.25,0.044291978720291725,0.027471803672926173,0.06111793397010708
Figure 2,long,4.3,0.04788883457560112,0.030309883075781308,0.06547356627787075
Figure 2,long,4.32,0.04928471778696743,0.03130033146963431,0.06726332390185073
Figure 2,long,4.33,0.04996820888652606,0.03176949123514363,0.06816107497493462
Figure 2,long,4.34,0.050640068220661014,0.032215494510591684,0.06905886172828053
Figure 2,long,4.36,0.05194906999397004,0.033049556315941586,0.07084861935226053
Figure 2,long,4.4,0.05443965932485808,0.03450916447530391,0.07437018985467429
Figure 2,long,4.5,0.05990159383730514,0.03714454430953341,0.08265282748236503
Figure 2,long,4.52,0.06086888574109688,0.037532602839435256,0.08419935276004667
Figure 2,long,4.6,0.06433832738067628,0.03873156668462573,0.08995086827917664
Figure 2,long,4.65,0.0661975901551021,0.03922388294019631,0.09317707757245769
Figure 2,long,4.67,0.0668810455743987,0.039368709123799805,0.09438760182254778
Figure 2,long,4.68,0.06720541483656656,0.03943821427424563,0.09497257971862545
Figure 2,long,4.83,0.0710629150060478,0.03972201507847874,0.10240381493361687
Figure 2,long,4.98,0.07315384972187236,0.03894008213596321,0.10736761730778151
Figure 2,long,5.0,0.07331601651282527,0.03876631925984864,0.10785996924361413
Figure 2,long,5.65,0.0673154527646851,0.02688679009658647,0.10774989563523354
Figure B1,all,-11,0.008746021664977807,-0.014491700800662224,0.03198374413061784
Figure B1,all,-10,0.010321478013900981,-0.012835179185636605,0.03347806385316911
Figure B1,all,-9,0.00969011802988568,-0.009678486305964292,0.029052942183909688
Figure B1,all,-8,0.00783667775129519,-0.009412062739948907,0.02507960238057859
Figure B1,all,-7,0.0015175474902593233,-0.013344869910228782,0.016379964890747428
Figure B1,all,-6,0.0004112492328771033,-0.013292741233390897,0.014115239699145105
Figure B1,all,-5,-0.0009788488161331297,-0.012140130161131489,0.010176652347039263
Figure B1,all,-4,0.001963513494226954,-0.007761321306749254,0.011694164157163858
Figure B1,all,-3,-0.0009267201392952459,-0.007894550929824311,0.006041146331368547
Figure B1,all,-2,0.0026817189261706654,-0.0012568684259351764,0.006626122140237201
Figure B1,all,-1,0.0,0.0,0.0
Figure B1,all,0,0.0004402215022763926,-0.00350996189361611,0.004384589036208201
Figure B1,all,1,0.00697364665248976,-0.0011757674796980034,0.015123060784677523
Figure B1,all,2,0.01943814491843521,0.00757603436710577,0.03130603565159062
Figure B1,all,3,0.03900370359798479,0.021158391254085376,0.0568490159418842
Figure B1,all,4,0.047431137339974595,0.024917436168238973,0.06994483851171023
Figure B3,pooled,2.01,0.0008755411102807428,-0.02440632975648275,0.026163122717466406
Figure B3,pooled,2.02,0.0010529265782089426,-0.023971432197295507,0.02607728535371339
Figure B3,pooled,2.17,0.0037253415868808075,-0.017424914338893666,0.024875562261171196
Figure B3,pooled,2.34,0.0067009898616731765,-0.010500747331462654,0.02390843779523118
Figure B3,pooled,2.35,0.006872664589179204,-0.010123062930949393,0.02387413810121406
Figure B3,pooled,2.4,0.007713870753958742,-0.008309021559807669,0.023736763067725153
Figure B3,pooled,2.44,0.008371980710387908,-0.006941369731665703,0.02368529590095743
Figure B3,pooled,2.45,0.008537909445987675,-0.006609477008982078,0.02368529590095743
Figure B3,pooled,2.5,0.009333323932937577,-0.005058658469521567,0.023719630846458634
Figure B3,pooled,2.55,0.01009443872587036,-0.0036566716958783964,0.023845513896135026
Figure B3,pooled,2.64,0.011387709922587742,-0.001533615815225821,0.024314746400823473
Figure B3,pooled,2.65,0.011525049704592564,-0.0013276061422185874,0.024383416291825884
Figure B3,pooled,2.66,0.011662389486597386,-0.0011330532015397848,0.024457832174734555
Figure B3,pooled,2.67,0.011793983276695948,-0.0009442110012831541,0.02453221280615914
Figure B3,pooled,2.68,0.0119256123182786,-0.0007553688010265232,0.024606593437583722
Figure B3,pooled,2.7,0.012183124409537642,-0.0004063086055922954,0.02477255742466758
Figure B3,pooled,2.85,0.013871247479518888,0.0015393265556479928,0.026208879143811953
Figure B3,pooled,2.88,0.014157383775856963,0.001802584638813294,0.026506472172478462
Figure B3,pooled,2.95,0.014729621117049028,0.002317608821331378,0.027141668664250766
Figure B3,pooled,2.99,0.015004300681058673,0.002552207447933558,0.027450647922277527
Figure B3,pooled,3.0,0.015067259831638912,0.0026094206066075384,0.027519317813279938
Figure B3,pooled,3.01,0.015124472990312892,0.002660958276343434,0.02758802295576644
Figure B3,pooled,3.02,0.015181686148986873,0.002712425443111155,0.02765094685486259
Figure B3,pooled,3.04,0.015284726236974577,0.0028097195391926,0.027765408423694637
Figure B3,pooled,3.1,0.015530781595905187,0.00306152089002947,0.02800000705029682
Figure B3,pooled,3.2,0.015702456323411215,0.003404835093557439,0.028005753042203076
Figure B3,pooled,3.24,0.015679542858754354,0.0035135859219673146,0.027851245787447652
Figure B3,pooled,3.32,0.01547353318574712,0.0036509257039721373,0.02729617591900619
Figure B3,pooled,3.33,0.015433487499823742,0.003662382436300568,0.027198881822924747
Figure B3,pooled,3.34,0.015387695821994106,0.00366809317672274,0.02710729846726547
Figure B3,pooled,3.35,0.015336193403742298,0.00366809317672274,0.027004328882245944
Figure B3,pooled,3.4,0.015038635626559878,0.0036337582312215345,0.026449223762320395
Figure B3,pooled,3.49,0.01437481492970854,0.0033075762489600813,0.025442088861941086
Figure B3,pooled,3.5,0.014300434298283957,0.003250363090286101,0.025344794765859643
Figure B3,pooled,3.51,0.014220342926437203,0.0031931146801280333,0.025253246661684457
Figure B3,pooled,3.6,0.01357940044275864,0.002494994289259578,0.024669552588163963
Figure B3,pooled,3.65,0.013316177611077427,0.002048639997743905,0.024583715224410947
Figure B3,pooled,3.66,0.013276096673669961,0.001962802633990891,0.024583715224410947
Figure B3,pooled,3.67,0.013236050987746583,0.001876965270237877,0.024595136705255292
Figure B3,pooled,3.68,0.01320742678266755,0.0017968386469070347,0.024612339429489982
Figure B3,pooled,3.7,0.01315595961589983,0.0016480421325737813,0.024663806596257703
Figure B3,pooled,3.72,0.013127335410820796,0.001510702350568959,0.024743933219588544
Figure B3,pooled,3.8,0.013287553405998392,0.0012818144643889507,0.025293292347607833
Figure B3,pooled,3.83,0.013470684865832852,0.001361941087719793,0.025579428643945912
Figure B3,pooled,3.9,0.014231764407281546,0.002048639997743905,0.026420634808725446
Figure B3,pooled,3.95,0.01510155952565603,0.0030386074253726083,0.027158836137001367
Figure B3,pooled,4.0,0.016257526191852677,0.004480675136423243,0.02802863125537585
Figure B3,pooled,4.01,0.016515038283111717,0.004812567859106868,0.028223219447538743
Figure B3,pooled,4.04,0.01736195518831343,0.005882697161550501,0.028835502474654183
Figure B3,pooled,4.05,0.01765951296549585,0.0062603815620637625,0.029052968879989847
Figure B3,pooled,4.1,0.019250377190879735,0.008240351668805256,0.030260402712954215
Figure B3,pooled,4.15,0.02097854594678436,0.010254656721047957,0.03170247042400485
Figure B3,pooled,4.16,0.021333352134124847,0.01064950859431182,0.032017195673937876
Figure B3,pooled,4.17,0.021693869061887507,0.011044360467575684,0.0323490883966215
Figure B3,pooled,4.25,0.024606593437583722,0.013865536739096716,0.035353396127976985
Figure B3,pooled,4.3,0.02639775659555267,0.015273269504646145,0.03752791917539729
Figure B3,pooled,4.32,0.027090166245998956,0.015748212749756765,0.03843208449075706
Figure B3,pooled,4.33,0.02743351570101101,0.01596567915509243,0.038895606255023335
Figure B3,pooled,4.34,0.027765408423694637,0.016177399568521836,0.03935338202738335
Figure B3,pooled,4.36,0.028417772388217542,0.016555083969035097,0.040280425555915905
Figure B3,pooled,4.4,0.029659541166683116,0.017195991201229572,0.042123091132136664
Figure B3,pooled,4.5,0.03238916933402896,0.018220328825843568,0.04655797459073027
Figure B3,pooled,4.52,0.03287556931146801,0.01835195786742622,0.04739918075550981
Figure B3,pooled,4.6,0.0346266515320295,0.018689561330532015,0.05056370648204289
Figure B3,pooled,4.65,0.03557086253331265,0.01877539869428503,0.05236629112085619
Figure B3,pooled,4.67,0.03591992272874688,0.018792566167035632,0.053041533298551866
Figure B3,pooled,4.68,0.03608585146434665,0.018792566167035632,0.05337346127271958
Figure B3,pooled,4.83,0.038077278303416576,0.018523632594932248,0.05763670525529125
Figure B3,pooled,4.98,0.03922178823728479,0.017825476952579702,0.06062381026241205
Figure B3,pooled,5.0,0.03931904708188215,0.017705304643325485,0.06092711403150072
Figure B3,pooled,5.65,0.037058686670708836,0.011759648331194743,0.0623634357506451
